,ASN,# Transparent Forwarders,Δ Last Week [#],Δ Last Week [%],Δ Last Week [Rank]
0,4812,16833,129,1,0
1,5769,12550,122,1,1
2,174,10342,-2276,-18,-1
3,52444,8630,242,3,0
4,52426,7560,-280,-4,0
5,52419,6864,-622,-8,0
6,45804,5113,12,0,0
7,5617,4707,4704,156800,3441
8,150008,3745,-44,-1,-1
9,209,3500,82,2,1
10,63526,3450,-226,-6,-2
11,58659,3187,61,2,0
12,55666,3119,243,8,2
13,53079,3072,1,0,-1
14,53213,2956,-106,-3,-1
15,18747,2870,2839,9158,1316
16,271779,2731,-716,-21,-7
17,15924,2649,-9,0,-2
18,133279,2558,-19,-1,-2
19,29600,2440,1,0,-2
20,262773,2290,-81,-3,-2
21,132535,2045,-1,0,2
22,27926,2043,-5,0,0
23,134236,2023,-6,0,3
24,18229,2001,-128,-6,-4
25,262334,1969,-76,-4,-1
26,24532,1931,642,50,13
27,135125,1924,-121,-6,-2
28,135223,1924,-68,-3,-1
29,58495,1895,-332,-15,-10
30,134863,1848,0,0,-2
31,135244,1840,-236,-11,-10
32,56268,1754,1,0,-3
33,37347,1721,155,10,0
34,134866,1715,191,13,1
35,48326,1633,10,1,-5
36,133283,1561,-9,-1,-4
37,45235,1507,0,0,-1
38,52830,1473,900,157,117
39,134294,1465,-108,-7,-8
40,34984,1414,-125,-8,-6
41,3257,1413,-22,-2,-4
42,134019,1400,183,15,1
43,135628,1356,-5,0,-5
44,133676,1310,92,8,-2
45,136284,1297,19,1,-5
46,18002,1297,56,5,-5
47,135777,1209,98,9,0
48,5639,1128,-35,-3,-4
49,138235,1122,0,0,-3
